name,pm1,pm2.5,pm10,date_time
1026-0454-15_0,2023-10-26 04:54:55
1026-0454-15_0,2023-10-26 04:54:56
1026-0454-15_0,2023-10-26 04:54:57
1026-0454-15_0,2023-10-26 04:54:58
1026-0454-15_0,2023-10-26 04:54:59
1026-0455-15_0,2023-10-26 04:55:00
1026-0455-15_0,2023-10-26 04:55:01
1026-0455-15_0,2023-10-26 04:55:02
1026-0455-15_0,2023-10-26 04:55:03
1026-0455-15_0,2023-10-26 04:55:04
1026-0455-15_0,2023-10-26 04:55:05
1026-0455-15_0,2023-10-26 04:55:06
1026-0455-15_0,2023-10-26 04:55:07
1026-0455-15_0,2023-10-26 04:55:08
1026-0455-15_0,2023-10-26 04:55:09
1026-0456-15_0,2023-10-26 04:56:25
1026-0456-15_0,2023-10-26 04:56:30
1026-0456-15_0,2023-10-26 04:56:35
1026-0456-15_0,2023-10-26 04:56:40
1026-0456-15_0,2023-10-26 04:56:45
1026-0456-15_0,2023-10-26 04:56:57
1026-0456-15_0,2023-10-26 04:57:00
1026-0456-15_0,2023-10-26 04:57:03
1026-0457-15_0,2023-10-26 04:57:15
1026-0457-15_0,2023-10-26 04:57:23
1026-0502-15_0,2023-10-26 05:02:09
1026-0502-15_0,2023-10-26 05:02:19
1026-0502-15_0,2023-10-26 05:02:29
1026-0502-15_0,2023-10-26 05:02:39
1026-0502-15_0,2023-10-26 05:02:49
1026-0502-15_0,2023-10-26 05:02:59
1026-0502-15_0,2023-10-26 05:03:09
1026-0502-15_0,2023-10-26 05:03:19
1026-0502-15_0,2023-10-26 05:03:29
1026-0502-15_0,2023-10-26 05:03:39
1026-0502-15_0,2023-10-26 05:03:49
1026-0502-15_0,2023-10-26 05:03:59
1026-0502-15_0,2023-10-26 05:04:09
1026-0504-15_0,2023-10-26 05:04:16
1026-0504-15_0,2023-10-26 05:05:16
1026-0506-15_0,2023-10-26 05:06:07
1026-0506-15_0,2023-10-26 05:06:37
1026-0506-15_0,2023-10-26 05:07:07
1026-0506-15_0,2023-10-26 05:07:37
1026-0506-15_0,2023-10-26 05:08:07
1026-0506-15_0,2023-10-26 05:08:37
1026-0506-15_0,2023-10-26 05:09:07
1026-0506-15_0,2023-10-26 05:09:37
1026-0506-15_0,2023-10-26 05:10:07
1026-0506-15_0,2023-10-26 05:10:37
1026-0506-15_0,2023-10-26 05:11:07
1026-0506-15_0,2023-10-26 05:11:37
1026-0506-15_0,2023-10-26 05:12:07
1026-0506-15_0,2023-10-26 05:12:37
1026-0506-15_0,2023-10-26 05:13:07
